√Åo Thun Tay Ng·∫Øn Cotton | 10.732.000 ‚Ç´ | 0 | China |  | 2259 | https://www.lazada.vn//www.lazada.vn/products/pdp-i3233145635.html
√Åo Thun Th·ªùi Trang Phong C√°ch B·∫±ng Cotton | 12.786.000 ‚Ç´ | 0 | China |  | 2 | https://www.lazada.vn//www.lazada.vn/products/pdp-i3232880938.html
√Åo Thun In H√¨nh Cotton | 13.717.000 ‚Ç´ | 0 | China |  | 5612 | https://www.lazada.vn//www.lazada.vn/products/pdp-i3232132295.html
√Åo th·ªÉ thao nam v·∫£i thun th√¥ng h∆°i l·ªó tho√°ng kh√≠ m√°t l·∫°nh, c·ªï tr√≤n ng·∫Øn tay | 32.500 ‚Ç´ | 7.1K ƒê√£ b√°n | T√¢y Ninh (m·ªõi) |  | 113 | https://www.lazada.vn//www.lazada.vn/products/pdp-i2507286574.html
√ÅO THUN NAM N·ªÆ PHOM FROM R·ªòNG TAY L·ª† XANH L√Å CH·ªÆ N·ªîI TR·∫ÆNG PHONG C√ÅCH HOT TREND 2024 - TOKYO FASHION | 42.000 ‚Ç´ | 0 | H·ªì Ch√≠ Minh |  | 35 | https://www.lazada.vn//www.lazada.vn/products/pdp-i2658497872.html
√Åo thun l·∫°nh co gi√£n 4 chi·ªÅu m·ªÅm m·ªãn tho√°ng m√°t phong c√°ch th·ªÉ thao m√†u s·∫Øc t·ªëi gi·∫£n | 13.100 ‚Ç´ | 18.5K ƒê√£ b√°n | T√¢y Ninh (m·ªõi) |  | 32 | https://www.lazada.vn//www.lazada.vn/products/pdp-i2508365621.html
SINRANSINYA‰∏®√Åo thun nam tay ng·∫Øn √°o ph√¥ng nam m√†u tr∆°n m√πa h√® xu h∆∞·ªõng √°o s∆° mi c√¥ng s·ªü ngo√†i tr·ªùi th∆∞·ªùng ng√†y t√∫i √°o tho√°ng kh√≠ | 205.000 ‚Ç´ | 42 ƒê√£ b√°n | China |  | 3 | https://www.lazada.vn//www.lazada.vn/products/pdp-i2740615954.html
Qu√° Kh·ªï T √Åo S∆° Mi, Qu·∫ßn √Åo T·∫≠p Gym Th∆∞∆°ng Hi·ªáu Cho Nam Trang Ph·ª•c Th·ªÉ D·ª•c Th·ªÉ Thao Hip Hop √Åo Thun Ng·∫Øn Tay D√°ng R·ªông, C∆° B·∫Øp Th·ªÉ H√¨nh √Åo Thun | 100.696 ‚Ç´ | 131 ƒê√£ b√°n | China |  | 40 | https://www.lazada.vn//www.lazada.vn/products/pdp-i1132696241.html
WHITE and BLACK Kirkland T-shirts/ √Åo thun Unisex Oversize Cotton üíØ | 79.000 ‚Ç´ | 188 ƒê√£ b√°n | H·ªì Ch√≠ Minh |  | 6 | https://www.lazada.vn//www.lazada.vn/products/pdp-i2180061217.html
Halloween100% Combed Cotton T-shirt Acid Wash T Shirt For Men Unisex Vintage T-shirt Y2k Casual Top Tee Mens Clothingchristmas | 99.477 ‚Ç´ | 11 ƒê√£ b√°n | China |  | 7 | https://www.lazada.vn//www.lazada.vn/products/pdp-i2899144560.html
√Åo Thun Phong C√°ch Retro M·ªπ | 393.000 ‚Ç´ | 0 | China |  | 496 | https://www.lazada.vn//www.lazada.vn/products/pdp-i3233191510.html
√Åo S∆° Mi TB Nam N·ªØ 4 S·ªçc ƒêen C√°nh Tay Ch·∫•t L·ª•a H√†n Cao C·∫•p 9X.Store | 49.000 ‚Ç´ | 21 ƒê√£ b√°n | Nam ƒê·ªãnh |  | 447 | https://www.lazada.vn//www.lazada.vn/products/pdp-i2500130339.html
√Åo s∆° mi nam n·ªØ loang m√†u th√™u ch·ªØ n·ªïi DD ƒë·∫πp, sang tr·ªçng v·∫£i ƒë≈©i kh√¥ng nhƒÉn- ML Clothing | 39.000 ‚Ç´ | 32 ƒê√£ b√°n | H·ªì Ch√≠ Minh |  | 1 | https://www.lazada.vn//www.lazada.vn/products/pdp-i2689575873.html
√Åo s∆° mi r·ªông tay ng·∫Øn nhi·ªÅu m√†u unisex nam n·ªØ GI·∫§U N√öT chu·∫©n form H√†n Qu·ªëc v·∫£i l·ª•a m·ªÅm m·ªãn m√°t 40-90kg MRN02 | 85.828 ‚Ç´ | 1.4K ƒê√£ b√°n | H·ªì Ch√≠ Minh |  | 3 | https://www.lazada.vn//www.lazada.vn/products/pdp-i2002419780.html
√°o s∆° mi nam n·ªØ ƒë·ªß m√†u tr·∫Øng, ƒëen, xanh d∆∞∆°ng, ƒë·ªè, x√°m ghi ƒë∆°n gi√£n m·∫´u ƒëang hot nh·∫•t cubis shop 23 | 65.000 ‚Ç´ | 1.6K ƒê√£ b√°n | H·ªì Ch√≠ Minh |  | 123 | https://www.lazada.vn//www.lazada.vn/products/pdp-i1301733259.html
clu LZ59 KPop Demon Hunters Tiger summer T-shirt Anime Short Sleeve Top L59Z ulc | 87.932 ‚Ç´ | 0 | China |  | 18 | https://www.lazada.vn//www.lazada.vn/products/pdp-i3161669961.html
√Åo S∆° Mi Th√™u NEWSEVEN Embroidered Shirt SM.333 | 259.000 ‚Ç´ | 0 | H·ªì Ch√≠ Minh |  | 4 | https://www.lazada.vn//www.lazada.vn/products/pdp-i3113027865.html
√Åo s∆° mi nam n·ªØ v·∫£i ƒë≈©i d√†y d·∫∑n ph·ªëi ho·∫° ti·∫øt loang m√†u cao c·∫•p phong c√°ch tr·∫ª trung l·ªãch l√£m chu·∫©n shop T.HI·ªÄN_STORE | 49.000 ‚Ç´ | 0 | H·ªì Ch√≠ Minh |  | 2 | https://www.lazada.vn//www.lazada.vn/products/pdp-i2262323048.html
Men's Loose-Fit Long-Sleeve Cotton Linen Shirts for Men Business Casual Button Down Shirt Lightweight Breathable Vacation | 184.199 ‚Ç´ | 16 ƒê√£ b√°n | China |  | 261 | https://www.lazada.vn//www.lazada.vn/products/pdp-i2741496734.html
√Åo Thun D√†i Tay Thu ƒê√¥ng Cho B√© Trai B√© G√°i HML C·ªï 3 Ph√¢n √Åo Gi·ªØ Nhi·ªát Cho B√© T·ª´ 10 ƒê·∫øn 40 Kg | 65.000 ‚Ç´ | 472 ƒê√£ b√°n | H√† N·ªôi |  | 1 | https://www.lazada.vn//www.lazada.vn/products/pdp-i2406924885.html
Summer New Men's Cotton and Linen Shirts Short-Sleeved T-shirt Henry Collar Casual Men's T-shirts Shirt Male Men Clothing | 141.404 ‚Ç´ | 63 ƒê√£ b√°n | China |  | 6 | https://www.lazada.vn//www.lazada.vn/products/pdp-i2739123446.html
Bonnie Cathy √Åo s∆° mi nam tay ng·∫Øn in h√¨nh hip hop v√† phong c√°ch casual | 90.000 ‚Ç´ | 11 ƒê√£ b√°n | China |  | 215 | https://www.lazada.vn//www.lazada.vn/products/pdp-i3130760838.html
clu XP KPop Demon Hunters Saja Boys Jinu Abby Baby T-shirt short sleeve top tee PX ulc | 89.257 ‚Ç´ | 12 ƒê√£ b√°n | China |  | 11 | https://www.lazada.vn//www.lazada.vn/products/pdp-i3161659546.html
AMILA √Åo S∆° Mi C√≥ M≈© Cho Tr·∫ª Em √Åo Kho√°c D√†i Tay √Åo Kho√°c K·∫ª Ca R√¥ √Åo S∆° Mi ƒê·∫πp Trai | 60.000 ‚Ç´ | 346 ƒê√£ b√°n | China |  | 2 | https://www.lazada.vn//www.lazada.vn/products/pdp-i1986470192.html
√Åo s∆° mi nam n·ªØ ng·∫Øn tay v·∫£i ƒë≈©i d√†y d·∫∑n ph·ªëi ho·∫° ti·∫øt loang m√†u cao c·∫•p phong c√°ch tr·∫ª trung sang tr·ªçng l·ªãch l√£m chu·∫©n shop T.HI·ªÄN_STORE | 49.000 ‚Ç´ | 0 | H·ªì Ch√≠ Minh |  | 3 | https://www.lazada.vn//www.lazada.vn/products/pdp-i2261562856.html
Incerun H√†ng Ng√†y ƒê·ªìng B·∫±ng T √Åo S∆° Mi Cho nam r·ªông S·ªçc Nh·ªè V C·ªï Tay √°o d√†i T-Shirt Cho Ng∆∞·ªùi ƒê√†n √îng #241015 | 265.066 ‚Ç´ | 0 | China |  | 0 | https://www.lazada.vn//www.lazada.vn/products/pdp-i2977505085.html
√Åo S∆° Mi Tr∆°n Logo KimLo·∫°i V·∫£i Cotton L·∫°nh Karants Premium Form Oversize Nam N·ªØ Unisex Menswear Hot Trend 2025 - KR217 | 109.000 ‚Ç´ | 0 | H·ªì Ch√≠ Minh |  | 8 | https://www.lazada.vn//www.lazada.vn/products/pdp-i3102547212.html
[South Korea] Malbon Golf men's casual short sleeve TT-shirt sports jersey #789532 | 240.000 ‚Ç´ | 16 ƒê√£ b√°n | China |  | 736 | https://www.lazada.vn//www.lazada.vn/products/pdp-i2415995850.html
√Åo thun tay b√© g√°i, √Åo c·ªôc tay b√© g√°i - √Åo Fruit | 68.172 ‚Ç´ | 645 ƒê√£ b√°n | H√† N·ªôi |  | 20 | https://www.lazada.vn//www.lazada.vn/products/pdp-i2618430222.html
√Åo s∆° mi ch·ªëng n·∫Øng k·∫ª th√¥ b√© trai b√© g√°i, √°o ch·ªëng tia uv c√≥ m≈© form r·ªông, √°o kho√°c ngo√†i cho b√©, √°o cho b√© | 88.110 ‚Ç´ | 82 ƒê√£ b√°n | Nam ƒê·ªãnh |  | 2 | https://www.lazada.vn//www.lazada.vn/products/pdp-i3076950126.html
Saigon Beer T-Shirt luxury clothing labubu tshirts personalised mens workout shirtsTOPshirt | 65.714 ‚Ç´ | 7 ƒê√£ b√°n | China | N/A | 0 | https://www.lazada.vn//www.lazada.vn/products/pdp-i3037516910.html
New Spring Autumn casual shirt loose Men's Solid Color Long Sleeve Shirt Button Shirts Vintage Big size | 185.712 ‚Ç´ | 28 ƒê√£ b√°n | China | N/A | 0 | https://www.lazada.vn//www.lazada.vn/products/pdp-i2513221170.html
TM K-Pop Demon Hunters HUNTR/X loose T-shirt XXS-6XL cloth tee short sleeve otp MT | 101.072 ‚Ç´ | 10 ƒê√£ b√°n | China | N/A | 0 | https://www.lazada.vn//www.lazada.vn/products/pdp-i3159086079.html
Men's shirts short-sleeved texturized soft quality, form ƒë·∫πp lados-8060 | 179.000 ‚Ç´ | 0 | H·ªì Ch√≠ Minh | N/A | 0 | https://www.lazada.vn//www.lazada.vn/products/pdp-i3076807700.html
clu Saja Boys KPop T-shirt Demon Hunters HUNTR/X anime short sleeve ulc | 93.606 ‚Ç´ | 0 | China | N/A | 0 | https://www.lazada.vn//www.lazada.vn/products/pdp-i3184547153.html
Bonnie Cathy Nam √°o ph√¥ng ng·∫Øn tay c·ªï tr√≤n m√†u tr∆°n cotton d√°ng √¥m √Åo s∆° mi m·∫∑c trong | 34.000 ‚Ç´ | 0 | China | N/A | 0 | https://www.lazada.vn//www.lazada.vn/products/pdp-i3031757088.html
QIAOXIZI | √Åo Thun S∆° Mi Polo M·ªõi M√πa H√® Th·ªùi Trang R·ªông R√£i | 125.000 ‚Ç´ | 0 | China | N/A | 0 | https://www.lazada.vn//www.lazada.vn/products/pdp-i3193960054.html
HOBIBEAR √Åo S∆° Mi C√≥ M≈© Cho Tr·∫ª Em √Åo Kho√°c D√†i Tay √Åo Kho√°c K·∫ª Ca R√¥ √Åo S∆° Mi ƒê·∫πp Trai | 69.000 ‚Ç´ | 1.5K ƒê√£ b√°n | China | N/A | 0 | https://www.lazada.vn//www.lazada.vn/products/pdp-i1981646348.html
√ÅO S∆† MI ƒê≈®I V√ÇN N·ªîI 2024 | 119.000 ‚Ç´ | 57 ƒê√£ b√°n | H√† N·ªôi | N/A | 0 | https://www.lazada.vn//www.lazada.vn/products/pdp-i2800154599.html
√°o d√†i tay nam thu ƒë√¥ng ƒë·∫πp c√≥ size to t·ªõi 95kg | 115.000 ‚Ç´ | 6 ƒê√£ b√°n | H√† N·ªôi | N/A | 0 | https://www.lazada.vn//www.lazada.vn/products/pdp-i3177323277.html
